MAE,MSE,RMSE,MAPE
3.2462004786985594,18.51800494540321,4.303255156901948,2.09870111751727
