MAE,MSE,RMSE,MAPE
2.609475815805169,8.066149338971394,2.840096712960915,1.6774739018535223
