MAE,MSE,RMSE,MAPE
5.881581548018919,43.15540086244866,6.569277042601313,3.67982335416007
