MAE,MSE,RMSE,MAPE
6.841535952572069,63.78890201061147,7.986795478200971,4.704373002154542
