MAE,MSE,RMSE,MAPE
2.0675672542666206,4.512728582796966,2.124318380751098,1.342657063833142
